,Supplier_Lead_Time,Inventory_Levels,Order_Frequency,Delivery_Performance,Cost_Per_Unit
Supplier_Lead_Time,1.0,0.22453794270196617,-0.9057018481076275,-0.9062380692095359,0.9504530410071615
Inventory_Levels,0.22453794270196617,1.0,-0.21653142348518814,-0.276361532755371,0.29855972898803435
Order_Frequency,-0.9057018481076275,-0.21653142348518814,1.0,0.8280805344662602,-0.8922150837293212
Delivery_Performance,-0.9062380692095359,-0.276361532755371,0.8280805344662602,1.0,-0.9232173009097332
Cost_Per_Unit,0.9504530410071615,0.29855972898803435,-0.8922150837293212,-0.9232173009097332,1.0
